Workbook

Sheet Recipes
A1: Drink Name | B1: Ingredient Name | C1: Quantity Used | D1: Quantity Unit | E1: Cost per Unit (AUTO) | F1: Total Ingredient Cost | G1: Unit Check
A2: Espresso (Solo) | B2: Almond Milk | C2: 100 | D2: ml | E2: =IF($B2<>"",IFERROR(VLOOKUP($B2,Ingredients!$A$2:$C$500,3,FALSE),""),"") | F2: =IF(AND($B2<>"",$C2<>""),IFERROR($C2*$E2,""),"") | G2: =IF($B2<>"",IFERROR(IF(EXACT(LOWER($D2),LOWER(VLOOKUP($B2,Ingredients!$A$2:$C$500,2,FALSE))),"OK","CHECK UNIT"),"NOT FOUND"),"")
A3: Espresso (Solo) | B3: Banana Bread Slice | C3: 1 | D3: pcs | E3: =IF($B3<>"",IFERROR(VLOOKUP($B3,Ingredients!$A$2:$C$500,3,FALSE),""),"") | F3: =IF(AND($B3<>"",$C3<>""),IFERROR($C3*$E3,""),"") | G3: =IF($B3<>"",IFERROR(IF(EXACT(LOWER($D3),LOWER(VLOOKUP($B3,Ingredients!$A$2:$C$500,2,FALSE))),"OK","CHECK UNIT"),"NOT FOUND"),"")
A4: Espresso (Solo) | B4: Butter Croissant | C4: 1 | D4: pcs | E4: =IF($B4<>"",IFERROR(VLOOKUP($B4,Ingredients!$A$2:$C$500,3,FALSE),""),"") | F4: =IF(AND($B4<>"",$C4<>""),IFERROR($C4*$E4,""),"") | G4: =IF($B4<>"",IFERROR(IF(EXACT(LOWER($D4),LOWER(VLOOKUP($B4,Ingredients!$A$2:$C$500,2,FALSE))),"OK","CHECK UNIT"),"NOT FOUND"),"")
E5: =IF($B5<>"",IFERROR(VLOOKUP($B5,Ingredients!$A$2:$C$500,3,FALSE),""),"") | F5: =IF(AND($B5<>"",$C5<>""),IFERROR($C5*$E5,""),"") | G5: =IF($B5<>"",IFERROR(IF(EXACT(LOWER($D5),LOWER(VLOOKUP($B5,Ingredients!$A$2:$C$500,2,FALSE))),"OK","CHECK UNIT"),"NOT FOUND"),"")
E6: =IF($B6<>"",IFERROR(VLOOKUP($B6,Ingredients!$A$2:$C$500,3,FALSE),""),"") | F6: =IF(AND($B6<>"",$C6<>""),IFERROR($C6*$E6,""),"") | G6: =IF($B6<>"",IFERROR(IF(EXACT(LOWER($D6),LOWER(VLOOKUP($B6,Ingredients!$A$2:$C$500,2,FALSE))),"OK","CHECK UNIT"),"NOT FOUND"),"")
E7: =IF($B7<>"",IFERROR(VLOOKUP($B7,Ingredients!$A$2:$C$500,3,FALSE),""),"") | F7: =IF(AND($B7<>"",$C7<>""),IFERROR($C7*$E7,""),"") | G7: =IF($B7<>"",IFERROR(IF(EXACT(LOWER($D7),LOWER(VLOOKUP($B7,Ingredients!$A$2:$C$500,2,FALSE))),"OK","CHECK UNIT"),"NOT FOUND"),"")
E8: =IF($B8<>"",IFERROR(VLOOKUP($B8,Ingredients!$A$2:$C$500,3,FALSE),""),"") | F8: =IF(AND($B8<>"",$C8<>""),IFERROR($C8*$E8,""),"") | G8: =IF($B8<>"",IFERROR(IF(EXACT(LOWER($D8),LOWER(VLOOKUP($B8,Ingredients!$A$2:$C$500,2,FALSE))),"OK","CHECK UNIT"),"NOT FOUND"),"")
E9: =IF($B9<>"",IFERROR(VLOOKUP($B9,Ingredients!$A$2:$C$500,3,FALSE),""),"") | F9: =IF(AND($B9<>"",$C9<>""),IFERROR($C9*$E9,""),"") | G9: =IF($B9<>"",IFERROR(IF(EXACT(LOWER($D9),LOWER(VLOOKUP($B9,Ingredients!$A$2:$C$500,2,FALSE))),"OK","CHECK UNIT"),"NOT FOUND"),"")
E10: =IF($B10<>"",IFERROR(VLOOKUP($B10,Ingredients!$A$2:$C$500,3,FALSE),""),"") | F10: =IF(AND($B10<>"",$C10<>""),IFERROR($C10*$E10,""),"") | G10: =IF($B10<>"",IFERROR(IF(EXACT(LOWER($D10),LOWER(VLOOKUP($B10,Ingredients!$A$2:$C$500,2,FALSE))),"OK","CHECK UNIT"),"NOT FOUND"),"")
E11: =IF($B11<>"",IFERROR(VLOOKUP($B11,Ingredients!$A$2:$C$500,3,FALSE),""),"") | F11: =IF(AND($B11<>"",$C11<>""),IFERROR($C11*$E11,""),"") | G11: =IF($B11<>"",IFERROR(IF(EXACT(LOWER($D11),LOWER(VLOOKUP($B11,Ingredients!$A$2:$C$500,2,FALSE))),"OK","CHECK UNIT"),"NOT FOUND"),"")
E12: =IF($B12<>"",IFERROR(VLOOKUP($B12,Ingredients!$A$2:$C$500,3,FALSE),""),"") | F12: =IF(AND($B12<>"",$C12<>""),IFERROR($C12*$E12,""),"") | G12: =IF($B12<>"",IFERROR(IF(EXACT(LOWER($D12),LOWER(VLOOKUP($B12,Ingredients!$A$2:$C$500,2,FALSE))),"OK","CHECK UNIT"),"NOT FOUND"),"")
E13: =IF($B13<>"",IFERROR(VLOOKUP($B13,Ingredients!$A$2:$C$500,3,FALSE),""),"") | F13: =IF(AND($B13<>"",$C13<>""),IFERROR($C13*$E13,""),"") | G13: =IF($B13<>"",IFERROR(IF(EXACT(LOWER($D13),LOWER(VLOOKUP($B13,Ingredients!$A$2:$C$500,2,FALSE))),"OK","CHECK UNIT"),"NOT FOUND"),"")
E14: =IF($B14<>"",IFERROR(VLOOKUP($B14,Ingredients!$A$2:$C$500,3,FALSE),""),"") | F14: =IF(AND($B14<>"",$C14<>""),IFERROR($C14*$E14,""),"") | G14: =IF($B14<>"",IFERROR(IF(EXACT(LOWER($D14),LOWER(VLOOKUP($B14,Ingredients!$A$2:$C$500,2,FALSE))),"OK","CHECK UNIT"),"NOT FOUND"),"")
E15: =IF($B15<>"",IFERROR(VLOOKUP($B15,Ingredients!$A$2:$C$500,3,FALSE),""),"") | F15: =IF(AND($B15<>"",$C15<>""),IFERROR($C15*$E15,""),"") | G15: =IF($B15<>"",IFERROR(IF(EXACT(LOWER($D15),LOWER(VLOOKUP($B15,Ingredients!$A$2:$C$500,2,FALSE))),"OK","CHECK UNIT"),"NOT FOUND"),"")
E16: =IF($B16<>"",IFERROR(VLOOKUP($B16,Ingredients!$A$2:$C$500,3,FALSE),""),"") | F16: =IF(AND($B16<>"",$C16<>""),IFERROR($C16*$E16,""),"") | G16: =IF($B16<>"",IFERROR(IF(EXACT(LOWER($D16),LOWER(VLOOKUP($B16,Ingredients!$A$2:$C$500,2,FALSE))),"OK","CHECK UNIT"),"NOT FOUND"),"")
... E500: =IF($B500<>"",IFERROR(VLOOKUP($B500,Ingredients!$A$2:$C$500,3,FALSE),""),"") | F500: =IF(AND($B500<>"",$C500<>""),IFERROR($C500*$E500,""),"") | G500: =IF($B500<>"",IFERROR(IF(EXACT(LOWER($D500),LOWER(VLOOKUP($B500,Ingredients!$A$2:$C$500,2,FALSE))),"OK","CHECK UNIT"),"NOT FOUND"),"")

Sheet Ingredients
A1: Ingredient Name | B1: Unit | C1: Cost per Unit
A2: Almond Milk | B2: ml | C2: 0.175
A3: Banana Bread Slice | B3: pcs | C3: 38
A4: Butter Croissant | B4: pcs | C4: 45
A5: Caramel Syrup | B5: ml | C5: 0.44018018
A6: Chocolate Chip Cookie | B6: pcs | C6: 25
A7: Chocolate Powder | B7: g | C7: 0.42
A8: Cup 12oz | B8: pcs | C8: 3.2
A9: Cup 16oz | B9: pcs | C9: 3.8
A10: Cup 22oz | B10: pcs | C10: 4.5
A11: Espresso Beans | B11: g | C11: 0.85
A12: Fresh Milk | B12: ml | C12: 0.095
A13: Hazelnut Syrup | B13: ml | C13: 0.4
... A21: Vanilla Syrup | B21: ml | C21: 0.4
